{
  "id": "f8a23d33-2a6a-4381-acf8-1e1bd2bffb59",
  "alias": "DCextApplicationCustomizer",
  "componentType": "Extension",
  "extensionType": "ApplicationCustomizer",
  "version": "0.0.1",
  "manifestVersion": 2,
  "requiresCustomScript": false,
  "loaderConfig": {
    "internalModuleBaseUrls": [
      "<!-- PATH TO CDN -->"
    ],
    "entryModuleId": "d-cext-application-customizer",
    "scriptResources": {
      "d-cext-application-customizer": {
        "type": "path",
        "path": "d-cext-application-customizer.js"
      },
      "DCextApplicationCustomizerStrings": {
        "type": "path",
        "path": "DCextApplicationCustomizerStrings_en-us.js"
      },
      "@microsoft/sp-application-base": {
        "type": "component",
        "id": "4df9bb86-ab0a-4aab-ab5f-48bf167048fb",
        "version": "1.18.2"
      },
      "@microsoft/sp-core-library": {
        "type": "component",
        "id": "7263c7d0-1d6a-45ec-8d85-d4d1d234171b",
        "version": "1.18.2"
      }
    }
  }
}