{
  "@microsoft/generator-sharepoint": {
    "plusBeta": false,
    "isCreatingSolution": true,
    "nodeVersion": "18.19.1",
    "sdksVersions": {
      "@microsoft/microsoft-graph-client": "3.0.2",
      "@microsoft/teams-js": "2.12.0"
    },
    "version": "1.18.2",
    "libraryName": "dc-360",
    "libraryId": "c4438870-3dee-4e6a-b43c-5f78da93fd8a",
    "environment": "spo",
    "packageManager": "npm",
    "solutionName": "dc-360",
    "solutionShortDescription": "dc-360 description",
    "skipFeatureDeployment": true,
    "isDomainIsolated": false,
    "componentType": "extension",
    "extensionType": "ApplicationCustomizer"
  }
}
